{
  "tasks": [
    {
      "title": "Item 2",
      "completed": true,
      "id": "2"
    },
    {
      "id": "d7dd",
      "title": "Nova tarefa",
      "completed": true
    },
    {
      "id": "a14b",
      "title": "nova tarefa",
      "completed": true
    },
    {
      "id": "cfcc",
      "title": "Nova tarefa 2.0",
      "completed": false
    },
    {
      "title": "dwqqqd qdq -editado ",
      "completed": true,
      "id": "f9b4"
    },
    {
      "id": "552f",
      "title": "wdqwdqwdq wdqwdqwdqwdqwddwqd qdqwd wqd qw dwqd wqdwqd wqd wd wwd w wqd wq qw wqd q",
      "completed": false
    }
  ]
}